name; int; dec; date; datetim
test3; 3.46; 646; 1992-08-30; 1972-02-07T04:57:3
test3; 2.49; 878; 1992-11-18; 1995-01-27T11:26:0
test2; 3.79; -9; 2004-02-18; 1990-05-30T16:34:0
test1; 1.55; 831; 2012-03-22; 2000-10-12T20:32:5
test2; 3.39; -753; 2010-06-22; 2013-08-06T03:27:1
test2; 3.1; 947; 1973-08-21; 1980-05-04T00:26:4
test3; 2.08; -24; 1988-10-19; 1978-02-10T11:01:5
test2; 3.3; 999; 1994-03-10; 1982-11-14T17:36:2
test3; 1.76; -670; 1970-10-06; 2017-12-15T20:02:0
test3; 2.95; -112; 2010-04-16; 2016-02-16T20:58:1
test1; 2.04; 635; 1977-07-29; 1992-03-01T16:42:3
test2; 3.33; 815; 1999-07-01; 1996-04-26T16:19:5
test2; 2.17; -205; 1991-10-03; 2019-07-05T04:57:2
test2; 2.02; 435; 2017-05-12; 2016-04-06T12:46:0
test3; 2.81; 120; 2017-07-26; 2011-12-16T13:13:1
test2; 3.49; 730; 2013-12-15; 1974-08-13T09:31:1
test2; 3.73; -973; 2011-09-26; 2003-08-26T12:55:1
test3; 3.41; 372; 1993-05-27; 1980-06-23T08:06:3
test2; 3.88; -212; 1978-10-03; 2008-03-08T14:35:0
test1; 3.26; -333; 2001-02-09; 1980-10-24T08:24:2
test1; 3.16; 783; 1981-12-31; 1972-05-31T21:13:5
test1; 2.66; -400; 1984-09-04; 2013-04-15T05:02:3
test1; 3.59; -981; 1978-11-08; 2005-06-02T10:05:3
test1; 2.23; 162; 1971-11-07; 2006-02-09T20:23:4
test1; 3.78; 325; 2003-03-27; 1978-02-03T01:02:2
test1; 3.3; 460; 2019-11-15; 1997-04-16T08:23:3
test3; 1.95; 952; 1992-11-11; 2018-03-11T01:15:0
test3; 2.95; -470; 1993-06-06; 1992-01-17T01:48:1
test1; 3.83; -874; 1999-04-15; 1970-07-15T23:02:5
test2; 3.43; -263; 2009-03-04; 2002-07-18T07:40:4
test1; 3.21; 885; 1983-09-26; 2018-08-28T18:50:4
test1; 2.95; 237; 1994-04-08; 1992-08-14T03:32:5
test3; 3.25; 324; 1990-09-10; 2002-05-17T17:53:1
test3; 1.57; -203; 2021-02-20; 1980-05-24T11:06:0
test3; 2.46; -317; 1976-02-20; 1982-02-25T13:28:3
test3; 2.35; 52; 2018-01-18; 2010-11-04T16:44:1
test1; 2.29; 808; 1991-05-13; 1996-02-08T20:18:0
test1; 2.25; 785; 2004-12-18; 1998-05-10T11:08:4
test1; 1.82; 739; 1991-12-02; 1980-05-10T14:00:1
test3; 3.85; 443; 2013-10-10; 2014-05-12T13:07:1
test3; 3.53; 512; 2000-10-26; 2006-11-08T08:02:2
test2; 3.64; 392; 1986-12-02; 1996-12-12T00:46:0
test1; 2.3; 247; 1987-05-28; 1991-01-18T18:24:1
test1; 2.27; -920; 1997-06-04; 1981-12-30T21:15:2
test1; 1.97; 775; 1974-02-20; 2013-10-11T05:52:4
test1; 3.44; -66; 2014-05-30; 1980-06-17T21:58:4
test1; 3.82; -914; 2014-10-27; 2008-12-30T21:27:3
test2; 1.88; -618; 2000-03-18; 2002-10-29T12:16:4
test3; 2.75; 294; 1976-07-05; 1976-10-21T08:28:1
test1; 2.98; -64; 1975-10-03; 1988-03-30T00:04:1
test1; 2.01; -654; 2020-04-15; 2001-04-22T09:11:1
test1; 2.53; 282; 1986-12-16; 1981-01-31T17:23:2
test3; 2.61; 187; 2019-11-24; 1972-11-09T18:34:2
test1; 3.87; 787; 2007-07-20; 1985-04-05T17:10:4
test3; 2.48; 603; 1975-10-15; 2004-01-26T21:10:0
test1; 3.25; 870; 1987-02-22; 1979-09-19T09:31:1
test2; 2.05; 676; 1988-05-24; 1972-03-01T23:05:2
test3; 2.39; 866; 2014-05-03; 2010-08-27T05:59:2
test2; 3.86; 968; 1996-10-15; 1973-11-27T16:39:5
test1; 3.27; -245; 2001-01-11; 1980-11-26T04:11:5
test2; 3.41; 150; 2011-10-30; 1994-05-26T08:54:5
test2; 3.71; 957; 2005-08-12; 1988-05-25T07:46:5
test1; 3.87; -319; 1997-06-15; 1993-12-10T15:19:2
test3; 3.59; 593; 1999-02-16; 1978-07-26T09:38:5
test1; 3.08; 898; 1987-10-03; 2002-11-08T14:29:1
test3; 2.71; -351; 1994-12-24; 2014-01-05T08:30:2
test3; 2.04; -109; 2002-05-03; 1972-07-29T11:37:3
test2; 2.41; 313; 1987-09-09; 2016-06-16T12:18:5
test3; 3.82; 659; 2006-04-27; 1995-05-23T18:53:2
test2; 3.01; -808; 2005-10-30; 2015-07-07T00:12:0
test1; 1.7; 398; 2008-09-22; 1974-09-09T12:33:1
test1; 3.86; 212; 1997-02-23; 2013-01-24T06:49:1
test1; 1.76; 438; 2005-02-19; 1973-10-22T07:10:3
test3; 3.53; 838; 1986-01-14; 1988-04-13T10:19:1
test3; 3.09; -86; 1992-12-18; 1994-03-19T08:36:5
test2; 3.57; 132; 1984-05-31; 1986-10-02T09:27:0
test2; 2.76; -268; 2015-02-27; 1982-12-31T01:47:4
test3; 3.86; 26; 2022-07-16; 2005-10-29T22:56:0
test3; 2.34; 452; 1985-03-24; 1970-08-26T00:29:4
test1; 2.05; 823; 1985-06-10; 2016-07-02T23:01:4
test2; 2.3; -348; 1978-11-27; 1990-08-02T19:20:0
test3; 3.45; 626; 2008-07-06; 2001-10-18T02:52:1
test1; 2.47; 890; 1981-05-26; 1997-05-08T16:12:5
test3; 3.44; 529; 1986-07-26; 1982-12-22T23:15:3
test3; 1.94; 810; 2017-06-22; 2017-10-04T15:03:2
test1; 3.13; -200; 1999-05-13; 1973-07-27T01:19:1
test3; 2.96; 477; 1987-02-25; 1984-11-02T02:05:1
test1; 3.12; 688; 1994-02-17; 1978-01-08T00:03:0
test3; 3.88; -171; 2016-12-04; 1980-09-04T18:01:5
test3; 1.9; -223; 1983-01-21; 2012-05-22T02:32:4
test3; 2.77; -631; 1983-07-25; 2008-12-12T19:39:1
test2; 1.63; 736; 1989-03-20; 1972-07-16T09:05:3
test1; 2.73; 751; 1975-03-11; 2011-09-03T02:31:0
test3; 2.55; 348; 1993-05-18; 1987-12-26T15:13:2
test1; 3.21; -243; 1978-06-02; 2017-04-25T18:34:0
test2; 3.49; 733; 2002-10-09; 2022-04-19T18:38:4
test2; 1.62; 39; 1996-02-08; 1985-11-26T17:51:0
test2; 2.4; -634; 1974-12-21; 1975-03-04T19:33:0
test1; 2.17; 191; 1999-04-29; 2018-06-12T18:40:4
test1; 2.92; -2; 2009-01-27; 1973-06-14T09:33:4
test3; 2.71; -655; 1996-09-01; 1987-07-14T20:22:1
test1; 3.61; 471; 2002-07-01; 2017-04-26T09:58:3
test2; 1.57; -199; 1988-07-30; 1993-07-02T21:49:0
test2; 3.22; 123; 1991-12-09; 2021-09-05T03:31:2
test1; 3.25; -315; 1999-10-27; 2006-02-20T06:41:2
test3; 3.08; -368; 2001-02-24; 1988-01-13T22:22:5
test2; 2.62; -112; 1995-07-22; 2008-08-25T19:28:0
test1; 2.37; -742; 1999-02-25; 1992-10-01T07:36:2
test3; 2.78; -244; 1971-01-30; 1982-03-21T06:40:0
test3; 2.86; -532; 1985-10-18; 1975-03-27T07:07:3
test2; 3.05; 941; 1983-12-24; 2020-08-11T21:05:2
test1; 1.56; 997; 2000-08-06; 1974-09-01T15:04:4
test3; 2.77; -673; 2011-09-15; 1990-05-19T13:16:1
test3; 2.32; -221; 1993-07-06; 1999-12-15T01:34:0
test3; 3.31; 672; 2001-03-12; 1996-10-30T23:36:1
test3; 3.4; 506; 1993-09-30; 1990-05-19T01:16:2
test3; 2.37; 366; 1996-09-17; 2011-06-17T14:17:3
test1; 2.99; 351; 1992-02-10; 2011-02-22T20:28:1
test2; 3.4; 185; 1992-03-05; 1994-06-07T09:44:4
test2; 3.33; 230; 1976-11-25; 2019-02-01T01:31:5
test3; 3.55; 270; 2000-12-19; 2001-06-14T00:13:1
test1; 3.06; 984; 2021-12-11; 2019-05-03T03:11:4
test1; 1.87; -391; 2007-11-25; 2015-04-28T04:27:5
test2; 2.34; -585; 1977-11-05; 1988-12-19T04:27:2
test1; 2.85; 523; 1974-09-14; 1993-09-23T05:38:0
test2; 2.55; -428; 2006-03-05; 1978-12-25T23:37:4
test2; 3.26; -115; 1987-11-09; 2005-03-03T09:47:4
test1; 2.27; 867; 2013-01-22; 1978-11-05T04:42:1
test2; 3.06; -428; 1982-04-16; 1973-03-25T16:10:3
test3; 1.62; -261; 2015-12-25; 1981-05-28T09:52:3
test1; 2.89; -432; 1987-09-10; 2010-03-03T02:05:2
test2; 2.26; -490; 2020-06-05; 1991-05-21T20:25:2
test2; 3.11; 923; 2015-05-24; 2007-05-25T00:13:4
test2; 3.6; 197; 1988-04-20; 2011-08-17T04:23:0
test1; 2.92; 502; 1998-01-02; 1996-06-02T19:36:5
test3; 2.65; 460; 2014-09-02; 2003-06-30T12:00:2
test1; 3.71; -196; 2000-02-22; 1991-10-01T07:14:5
test1; 3.09; 551; 1983-04-22; 1977-02-01T20:02:5
test2; 3.28; 248; 1991-07-05; 1996-02-03T22:45:5
test2; 2.63; -1; 1993-08-12; 1987-04-21T11:08:2
test2; 2.68; -119; 2009-01-05; 1998-12-10T19:38:5
test1; 2.05; 145; 1991-10-25; 2019-12-15T14:41:4
test3; 2.94; -407; 2019-04-11; 2008-07-28T16:50:0
test3; 3.2; 189; 2009-01-23; 1970-08-05T15:19:0
test3; 2.47; -136; 1986-02-10; 1995-02-02T14:40:5
test3; 3.77; 717; 1990-02-26; 1973-04-21T06:47:3
test2; 3.02; -397; 1997-04-23; 2014-04-01T20:03:4
test3; 2.73; -405; 2005-12-10; 2009-05-27T18:16:4
test3; 2.06; -837; 1973-01-04; 2003-12-24T02:23:5
test2; 1.97; -901; 2012-04-06; 1980-03-06T14:47:4
test2; 1.89; -25; 1994-04-15; 1993-09-22T16:22:0
test2; 2.84; 921; 2012-08-28; 1976-11-29T13:03:3
test1; 3.88; -108; 1997-07-28; 1978-04-06T21:29:3
test3; 2.44; 997; 2004-04-12; 2021-06-07T11:38:3
test1; 1.84; -942; 1970-09-22; 1984-11-12T19:05:5
test1; 3.68; -36; 2018-08-21; 2008-01-07T16:30:4
test1; 1.99; 304; 1997-11-15; 2012-10-29T06:00:4
test1; 2.08; 567; 1982-03-30; 2018-05-03T11:31:2
test1; 1.8; -669; 1993-06-29; 1974-04-06T07:48:3
test3; 3.04; -497; 1970-04-07; 1994-06-17T13:40:1
test2; 3.32; 683; 1977-04-27; 2007-07-11T04:31:2
test1; 2.66; -874; 1973-07-18; 2008-09-15T08:29:4
test2; 3.75; 393; 2009-10-11; 1978-09-07T20:21:0
test3; 1.99; 116; 2008-01-23; 1982-10-31T03:04:5
test1; 1.62; -376; 2021-10-23; 1988-11-11T04:40:3
test3; 1.77; 617; 1985-07-16; 1987-03-04T00:34:2
test1; 3.56; -524; 2015-08-11; 2012-05-17T10:21:3
test2; 3.08; -1000; 2012-02-05; 2006-10-16T12:58:1
test3; 1.88; -846; 1992-01-12; 1986-09-24T14:30:4
test1; 3.73; -566; 1989-09-07; 2000-02-11T13:00:5
test2; 2.36; -298; 1981-04-17; 1985-06-04T19:23:1
test3; 2.75; -874; 2001-09-04; 2000-08-01T05:16:0
test2; 2.39; 319; 2001-06-25; 1999-06-28T18:34:2
test2; 3.09; 164; 2012-10-12; 1971-08-20T02:40:1
test2; 2.76; 7; 2009-09-03; 1970-09-14T22:31:0
test1; 1.94; -350; 2014-12-11; 1973-01-23T14:52:0
test3; 3.07; 492; 2000-04-11; 1977-10-25T09:07:4
test3; 3.85; 721; 1994-06-26; 2016-07-09T01:34:2
test3; 3.12; 928; 1994-03-06; 1980-05-30T12:03:0
test3; 2.33; -342; 1999-10-31; 2007-11-14T06:55:0
test3; 2.84; -247; 2005-02-15; 2011-07-14T00:17:2
test3; 2.4; 207; 2019-06-26; 1972-06-01T06:05:1
test3; 2.51; -703; 1992-09-18; 1992-07-21T06:59:5
test1; 1.99; 351; 2009-09-08; 2016-12-27T10:21:1
test2; 3.42; 95; 1971-11-12; 1976-07-29T11:25:0
test2; 3.61; -490; 1970-01-03; 2018-10-22T16:36:5
test3; 3.06; 493; 1998-09-14; 2012-04-30T14:28:1
test1; 2.26; -482; 1996-01-27; 2001-06-17T01:33:1
test3; 3.17; 863; 1971-08-27; 2006-05-06T20:54:1
test1; 2.38; -618; 1987-03-23; 2012-12-20T02:58:0
test1; 3.1; -719; 2021-07-11; 1970-02-22T01:37:0
test2; 3.67; -948; 1992-12-31; 2018-12-11T05:44:4
test2; 2.56; -123; 1975-11-06; 2002-02-10T17:37:0
test3; 3.11; 904; 2004-08-24; 1986-09-09T18:48:0
test2; 3.86; 296; 2011-04-18; 1972-03-06T01:10:1
test2; 3.37; 430; 2005-01-10; 1980-10-31T15:28:1
test1; 1.71; 16; 1992-04-02; 1982-12-10T10:07:2
test1; 2.03; -902; 2009-04-02; 1979-09-22T08:44:4
test3; 3.68; 411; 2007-03-27; 1988-09-12T09:40:5
test2; 2.38; 773; 1991-06-27; 1994-11-06T20:03:4
test1; 1.55; -793; 1989-04-26; 1985-07-21T19:35:1
test3; 3.65; 835; 2020-07-12; 1980-06-10T01:33:1
test1; 2.07; 930; 1979-09-28; 1982-06-04T15:18:0
test1; 1.73; -152; 1997-08-20; 1973-03-31T15:40:5
test2; 3.83; 909; 2005-01-26; 2005-05-20T12:51:0
test3; 2.74; -181; 2001-05-16; 1971-02-13T22:54:2
test3; 3.33; -886; 1978-10-31; 1978-05-12T09:47:2
test3; 3.18; -835; 2003-11-19; 1992-04-13T05:21:1
test2; 3.66; -390; 1973-06-02; 1984-07-09T05:21:4
test2; 3.14; -233; 2008-06-02; 1984-11-08T18:18:4
test3; 1.89; -657; 2011-10-24; 2013-12-10T13:04:2
test3; 3.78; 566; 1986-07-01; 2012-11-26T18:13:1
test1; 3.09; -739; 1988-10-16; 1995-11-20T23:07:4
test3; 2.8; 581; 1978-11-12; 1972-01-16T06:49:4
test3; 3.5; -848; 1971-10-29; 2018-12-24T11:07:1
test1; 3.06; 43; 2003-04-01; 2016-05-26T23:22:0
test3; 3.1; 666; 1985-02-15; 1997-07-10T22:48:3
test3; 1.9; -508; 1973-11-25; 2012-12-15T21:14:3
test3; 2.54; -608; 1972-03-29; 1983-03-19T09:42:1
test1; 1.78; 639; 2016-10-06; 2011-08-04T21:25:4
test3; 3.42; -388; 1986-07-22; 2008-02-09T13:18:2
test1; 2; -271; 1987-12-05; 2000-02-16T02:24:5
test3; 1.94; 364; 1999-11-08; 1992-10-01T13:36:5
test1; 2.68; -72; 2002-07-15; 1990-11-10T14:27:4
test2; 1.73; -528; 1992-03-10; 2004-07-18T00:23:1
test1; 2.58; -245; 1985-09-25; 1996-01-13T05:50:5
test2; 1.61; 631; 2005-07-23; 2021-12-17T22:12:2
test1; 1.82; -644; 2005-04-10; 1995-09-12T12:08:1
test1; 1.98; 612; 2004-03-24; 1992-08-16T17:56:1
test2; 1.9; 187; 1975-09-17; 1974-07-01T15:00:5
test2; 1.88; -946; 2016-10-10; 1987-03-17T21:23:5
test2; 2.05; -632; 2009-06-01; 2018-04-24T04:59:0
test2; 3.4; 123; 1985-06-18; 1994-05-21T14:10:4
test1; 2.05; 917; 1995-07-09; 2015-09-29T12:57:5
test3; 2.79; -252; 1985-07-13; 1979-03-18T00:53:1
test2; 2.56; 859; 2009-02-23; 1975-11-21T03:56:1
test2; 3.53; -904; 1976-05-01; 2015-06-08T04:16:0
test3; 1.67; -947; 1983-03-09; 2018-05-10T21:20:3
test2; 2.5; 52; 2005-05-09; 2021-07-26T01:02:4
test2; 2.26; 770; 1986-03-17; 2022-01-15T21:18:4
test2; 2.79; 730; 1971-05-17; 2018-04-02T01:56:1
test2; 1.85; 12; 2011-06-16; 1974-10-02T20:12:1
test1; 3.06; -287; 1983-10-19; 1979-08-09T17:06:0
test1; 2.92; -635; 1991-11-13; 2010-09-06T13:24:2
test2; 1.98; -59; 2013-08-19; 1980-05-23T10:56:4
test1; 3.7; -443; 1985-08-23; 1981-06-26T10:32:5
test1; 2.48; 639; 1971-05-16; 1989-01-10T11:01:3
test2; 1.79; -763; 2012-01-02; 1976-07-20T09:46:0
test1; 3.43; -588; 1995-10-21; 1994-08-26T15:47:3
test1; 3.5; -170; 2013-05-09; 2006-05-31T00:46:0
test2; 2.57; 538; 2019-05-04; 1979-06-29T02:13:2
test3; 1.81; -123; 2009-07-01; 2001-09-16T02:04:3
test2; 3.7; 911; 1971-03-14; 1981-11-04T12:26:2
test3; 1.83; 628; 2008-01-20; 2004-08-23T20:09:3
test3; 3.01; 62; 2013-08-25; 2011-12-08T11:09:3
test2; 3.87; -10; 1990-03-30; 2018-07-13T01:36:1
test3; 2.23; -735; 2002-05-19; 2017-12-16T00:13:3
test2; 3.28; -627; 2001-01-03; 1986-05-25T07:31:5
test2; 3.78; 201; 2006-11-21; 2006-06-10T23:18:4
test1; 2.7; -631; 2012-08-02; 1975-10-05T07:05:3
test3; 2.81; -196; 2003-06-06; 1989-08-30T14:34:0
test1; 2; -750; 1987-09-21; 2012-12-10T13:27:3
test1; 3.13; -210; 2004-10-08; 1985-08-23T13:15:1
test3; 1.68; -118; 1990-02-17; 2006-03-08T04:42:3
test2; 3.78; 688; 1989-06-14; 1972-05-30T14:30:0
test1; 2.1; 976; 1982-08-21; 1994-10-30T09:36:2
test3; 3.45; 20; 2009-11-04; 2012-04-26T19:27:3
test1; 2.54; 378; 1999-07-27; 2000-04-21T01:24:5
test1; 2.48; -75; 1992-07-21; 1999-03-08T23:43:4
test1; 1.87; -381; 1983-10-28; 2016-08-15T04:43:3
test3; 1.96; 808; 2000-12-28; 1975-04-15T04:14:0
test3; 2.86; 523; 1973-03-16; 1989-11-10T06:17:0
test3; 1.91; -908; 1984-12-12; 2018-02-11T23:12:3
test2; 3.08; -784; 1974-10-20; 1977-09-02T22:01:2
test2; 3.56; -447; 1991-03-31; 1995-03-21T09:57:3
test3; 2.73; 92; 2016-01-13; 1974-04-26T01:18:3
test2; 2.77; -181; 1976-12-01; 2001-07-15T14:30:4
test2; 2.14; -481; 1996-06-23; 2012-05-14T01:27:1
test1; 1.88; -589; 1978-04-17; 2012-08-14T13:57:3
test3; 3.61; 143; 1994-01-17; 2001-12-09T22:31:4
test2; 2.21; 770; 2005-10-20; 1978-03-15T12:00:1
test2; 2.71; 445; 1980-01-18; 1986-05-14T01:27:1
test2; 2.43; -366; 2012-12-06; 2013-09-02T00:15:0
test3; 1.75; -615; 1984-11-14; 1999-05-02T01:55:1
test3; 2.14; 687; 1998-01-24; 1989-05-31T18:23:0
test1; 2.52; 773; 1990-07-18; 2008-03-29T09:55:4
test2; 1.71; -944; 2015-11-20; 1977-03-28T22:30:5
test1; 3.06; 212; 1997-10-28; 1978-03-13T03:17:0
test1; 1.98; -981; 1982-04-21; 1983-06-30T18:54:5
test1; 3.19; -596; 2022-05-20; 2003-01-19T16:51:2
test3; 1.99; 695; 1996-02-03; 1987-11-13T07:20:2
test1; 3.71; 21; 1978-12-31; 1970-07-07T07:06:2
test2; 2.92; -451; 2006-07-22; 2000-04-05T21:16:3
test2; 2.21; -480; 1993-03-29; 2016-09-22T08:33:5
test3; 2.81; 423; 2016-02-04; 2021-11-06T10:21:2
test3; 2.86; 203; 2004-11-18; 2005-11-02T17:15:3
test2; 3.78; 753; 1973-10-14; 1981-07-12T14:24:3
test1; 3.81; 727; 2019-11-23; 1993-03-07T05:36:2
test2; 1.64; -9; 2018-04-06; 1987-08-08T23:55:3
test3; 1.79; 981; 2015-08-28; 1997-07-28T06:56:4
test3; 2.12; 299; 1972-06-23; 1996-03-14T10:50:2
test1; 2.8; -115; 1992-12-10; 1988-07-05T11:56:5
test2; 3.38; 173; 1978-12-06; 2009-05-05T06:04:2
test2; 2.84; 137; 1998-01-02; 1979-01-09T00:31:5
test3; 3.34; 224; 1985-10-13; 1970-10-03T21:06:0
test3; 2.41; 490; 1983-11-23; 2002-07-25T12:07:2
test1; 2.01; -166; 2002-08-12; 2007-03-07T03:57:3
test1; 3.24; -1; 1995-06-01; 1970-05-10T10:45:3
test3; 3.26; 817; 1970-11-01; 1999-02-08T15:48:3
test2; 2.73; -659; 1981-11-10; 2014-03-01T21:19:1
test1; 3.39; -394; 1970-08-22; 2016-08-21T09:43:1
test3; 2.09; 295; 2009-09-14; 1995-12-27T03:01:0
test2; 2.7; 888; 2004-07-31; 1984-06-08T09:16:5
test1; 2.35; -581; 1999-05-11; 2002-04-15T16:03:5
test2; 3.52; 901; 2012-03-19; 1993-05-13T06:42:4
test2; 3.85; 892; 1983-04-19; 2018-01-20T00:42:2
test2; 3.72; -841; 1975-02-05; 1973-12-01T04:48:4
test3; 3.18; -453; 1991-07-15; 1977-04-24T07:42:3
test3; 2.17; -687; 1990-07-03; 1996-10-16T20:39:1
test3; 2.83; -209; 1989-12-16; 1992-06-24T12:37:3
test2; 2.98; 57; 2012-03-31; 1989-05-23T13:25:2
test1; 2.21; 522; 2016-12-18; 2020-05-31T09:41:1
test2; 2.67; 333; 1999-05-30; 1993-08-22T07:14:4
test2; 2.03; 739; 2006-08-26; 2022-05-16T15:04:1
test3; 3.81; 200; 1994-12-11; 1999-01-02T19:58:5
test1; 2.85; -455; 1996-01-08; 1973-02-01T22:56:1
test3; 3.24; -609; 2006-07-07; 1976-02-02T18:46:0
test2; 3.31; -102; 2014-01-15; 2005-04-11T22:05:1
test1; 1.65; -729; 1979-09-16; 1983-03-09T13:54:3
test2; 2.69; -963; 2006-05-05; 2019-11-23T00:57:5
test2; 3.25; 136; 1978-12-30; 1980-08-30T16:03:0
test3; 2.3; -511; 2000-03-09; 2012-05-23T07:58:0
test1; 1.79; -743; 2017-06-20; 1989-05-29T14:49:2
test2; 2.7; -653; 2003-08-01; 1982-09-05T11:04:1
test1; 2.86; -559; 2003-08-13; 2015-06-27T00:29:4
test3; 1.78; -161; 1979-07-06; 2021-05-10T23:47:1
test1; 2.82; 222; 1970-10-27; 1999-01-12T16:12:3
test2; 3.76; -155; 2001-04-12; 1977-10-25T16:55:1
test1; 2.63; -755; 1979-12-14; 1984-05-08T16:06:5
test2; 2.88; -592; 1974-07-15; 2005-03-30T19:26:2
test1; 3.16; 708; 2017-10-27; 1992-11-15T22:48:5
test2; 2.03; -388; 1972-12-21; 2005-01-30T16:26:1
test2; 3.44; 131; 1984-07-05; 2003-02-23T03:51:2
test2; 3.76; -430; 1987-07-10; 2020-10-25T07:49:1
test3; 1.76; -619; 1980-04-16; 2010-05-03T08:21:5
test3; 1.89; 757; 2000-08-17; 1999-06-29T21:21:3
test1; 2.73; -3; 1984-09-30; 1982-10-21T09:38:3
test2; 1.91; 830; 1999-04-07; 1998-11-02T19:30:0
test3; 2; 336; 1975-01-29; 1974-07-28T05:38:4
test2; 1.7; 300; 1988-02-09; 1997-04-03T11:54:4
test3; 2.2; 204; 1985-04-22; 1974-12-10T18:19:3
test2; 1.81; 974; 1987-04-15; 1985-07-27T15:19:0
test1; 2.37; 862; 1973-01-10; 2016-02-18T02:21:1
test2; 2.26; -456; 2018-10-22; 1982-07-16T17:32:0
test1; 1.84; 744; 2008-11-27; 2014-09-27T00:56:2
test1; 2.89; -279; 2002-08-29; 2002-01-07T18:48:3
test2; 2.66; -758; 2004-01-23; 2002-10-11T17:13:5
test2; 3.8; 821; 1997-04-25; 2007-07-18T17:13:2
test3; 3.42; -280; 2015-10-18; 1987-07-12T00:43:5
test1; 3.72; -715; 2011-02-04; 1998-03-22T11:43:1
test3; 1.62; -399; 2016-09-28; 1986-01-01T10:21:1
test2; 2.24; 934; 2000-05-13; 2007-03-12T03:59:4
test1; 3.32; 479; 1976-05-23; 1997-01-05T13:07:5
test2; 2.92; 159; 1989-06-30; 2011-05-15T16:15:0
test2; 2.42; 404; 1995-01-07; 1975-06-29T21:45:3
test1; 2.58; -894; 1996-08-17; 2003-12-28T12:26:4
test1; 2.48; 978; 1985-12-02; 2011-05-20T04:58:1
test1; 1.99; 550; 2016-07-09; 2021-05-14T13:52:5
test1; 2.61; -928; 1988-05-11; 1985-04-08T19:29:1
test3; 2.39; -503; 1992-04-14; 1972-02-19T08:49:3
test3; 1.74; 858; 2022-07-26; 2017-12-10T23:57:5
test1; 2.58; -783; 2002-02-18; 2013-08-24T21:14:3
test1; 2.01; 613; 1983-07-12; 1998-11-14T23:58:5
test3; 1.64; -701; 2001-12-13; 2011-07-21T05:35:0
test1; 3.19; 511; 2004-04-12; 2013-12-21T12:55:3
test3; 2.17; 887; 1993-08-08; 1981-10-24T10:56:2
test3; 2.04; -540; 2007-06-25; 2011-07-31T11:25:2
test1; 1.89; -822; 1973-09-11; 1982-05-01T14:55:2
test3; 2.92; 109; 2006-12-01; 1984-10-16T12:02:0
test3; 2.21; -102; 1978-04-26; 1981-02-22T09:43:2
test2; 1.77; 242; 2001-11-27; 2009-06-20T10:49:0
test2; 1.56; -830; 2000-08-08; 1988-01-21T09:53:3
test2; 2.06; 539; 2018-04-17; 1988-03-12T15:50:2
test3; 2.1; 225; 1970-02-21; 1994-04-23T22:14:3
test2; 3.08; -87; 1972-04-19; 1992-03-31T20:18:1
test1; 3.09; 135; 1994-03-05; 2012-03-03T02:00:2
test3; 3.02; 757; 1983-11-13; 1986-01-01T18:13:5
test2; 1.77; 62; 1984-02-04; 2016-08-24T12:02:2
test3; 1.56; 633; 2012-06-27; 2014-09-24T17:07:4
test2; 3.33; -966; 1996-08-22; 2000-06-20T18:04:1
test3; 1.8; -52; 1982-11-27; 1997-03-30T02:35:3
test1; 1.59; 828; 1972-09-24; 2022-05-12T10:57:3
test1; 2.35; -908; 1994-02-27; 2000-01-14T18:57:2
test2; 2.1; 615; 1972-06-07; 1971-05-25T12:38:1
test2; 2.41; -776; 1975-10-03; 2021-01-06T04:34:4
test2; 3.79; 436; 2012-12-16; 1985-07-11T08:53:2
test3; 2.91; -76; 1984-10-08; 1989-02-18T22:46:0
test2; 3.81; 678; 2017-01-23; 1991-03-17T08:55:0
test3; 3.14; 643; 2000-10-13; 1979-12-27T18:58:2
test1; 3.39; 641; 1990-09-18; 1982-09-03T08:37:1
test2; 3.82; -968; 2017-06-29; 1971-11-21T10:33:1
test2; 2.52; -587; 1997-07-10; 2009-05-14T07:28:5
test2; 3.08; 136; 1985-01-10; 1974-08-17T03:04:1
test1; 3.36; 939; 2021-11-02; 1974-05-20T06:54:5
test2; 3.39; 98; 2003-12-07; 2015-04-26T11:04:5
test2; 2.94; -667; 1994-03-10; 1985-08-13T01:09:3
test3; 2.24; 599; 1974-08-03; 2020-06-10T13:01:1
test1; 3.02; 629; 2012-04-26; 2003-10-10T18:53:0
test3; 3.77; 328; 1977-02-02; 2006-10-17T03:06:1
test3; 2.33; 41; 1978-05-09; 1973-06-03T15:50:4
test1; 2.14; 101; 1990-09-26; 2010-05-12T12:44:2
test3; 1.69; -211; 2017-12-13; 2010-02-03T20:32:2
test2; 3.8; -487; 1978-01-02; 1982-03-21T20:54:1
test1; 2.95; 423; 2022-03-14; 1972-08-14T22:55:0
test2; 2.53; -596; 2011-10-04; 1979-07-07T09:27:4
test2; 2.5; -332; 2014-03-26; 1985-04-22T19:30:3
test3; 3.7; -491; 1983-04-03; 1973-04-06T05:02:3
test3; 3.17; 124; 1993-09-05; 2004-03-22T05:16:5
test1; 2.37; -51; 1983-12-17; 1973-01-09T11:33:3
test1; 3.42; -324; 1979-10-08; 2006-05-10T16:01:4
test3; 3.35; -165; 1981-06-11; 1981-05-30T06:13:5
test2; 2.3; 620; 1980-09-28; 2005-03-19T08:11:3
test1; 2.29; -464; 1988-05-29; 1999-07-22T14:05:2
test3; 2.82; 414; 1993-10-03; 1996-10-25T13:05:3
test1; 2.88; -23; 2014-02-07; 1982-06-29T15:07:4
test2; 2.02; -384; 1970-01-21; 1982-05-24T14:54:3
test2; 1.55; -823; 2005-02-07; 1970-08-15T16:09:0
test1; 3.1; -105; 1999-10-24; 1994-03-12T17:13:0
test1; 3.46; 857; 2001-05-30; 1986-05-04T05:38:3
test2; 3.39; -727; 1977-01-05; 1986-08-26T17:09:3
test3; 2.16; 963; 2006-08-15; 1983-02-15T08:32:3
test1; 3.47; -136; 2006-12-01; 1989-09-14T02:58:3
test3; 3.6; -700; 1982-11-21; 2020-06-04T14:41:1
test1; 2.88; 562; 2011-09-06; 2000-09-15T12:49:4
test2; 2.24; -729; 2012-05-23; 1999-04-12T18:21:2
test3; 2.15; -372; 2000-06-15; 2014-11-28T12:40:3
test2; 3.82; 991; 2010-09-04; 2004-10-30T04:09:4
test3; 2.58; -301; 1976-01-12; 1985-05-01T16:23:1
test3; 1.88; 657; 2007-11-19; 2020-10-25T15:46:1
test1; 1.99; 239; 1996-02-02; 1975-02-20T10:59:3
test3; 3.76; 618; 2017-07-23; 2004-11-29T06:24:5
test3; 1.56; -11; 2010-07-15; 2008-12-08T11:46:0
test2; 2.4; -127; 1988-06-25; 1973-04-10T12:35:2
test2; 3.5; 838; 2017-05-18; 2019-12-31T05:44:5
test3; 1.56; 408; 2004-12-25; 2019-07-23T01:11:3
test2; 3.07; -253; 2011-08-17; 1997-09-21T13:35:2
test3; 2.11; 716; 1994-01-21; 2003-09-16T16:18:1
test3; 3.77; 490; 2018-03-29; 1982-12-14T04:46:3
test2; 2.77; -538; 1989-09-30; 1983-12-21T03:55:0
test1; 3.73; -879; 1992-05-18; 2016-05-24T01:10:4
test2; 3.88; -852; 1981-04-28; 2005-09-07T01:22:4
test3; 3.59; 628; 1986-07-29; 1980-08-24T03:56:3
test2; 3.88; -279; 2001-05-02; 1989-05-09T03:05:1
test3; 2.68; 602; 1993-04-25; 2003-06-12T13:03:0
test3; 1.84; 211; 1996-02-20; 1995-03-26T07:18:0
test2; 1.65; -565; 1986-07-08; 1992-01-16T16:15:2
test2; 2.72; -436; 1977-02-28; 1996-08-26T09:50:3
test3; 3.2; 676; 2016-01-07; 1990-08-18T14:25:2
test3; 3.34; -887; 1976-07-10; 1987-08-18T22:07:5
test2; 2.37; -101; 2010-04-15; 2015-08-10T20:34:3
test3; 3.02; 792; 1993-11-18; 1975-06-12T14:58:5
test1; 1.71; -603; 1988-10-08; 2004-05-05T07:08:4
test3; 3.88; -187; 1975-06-24; 1985-04-24T00:38:3
test1; 1.95; -770; 2021-08-12; 1998-06-15T19:09:0
test1; 2.42; -452; 2000-01-13; 1999-05-16T22:24:0
test2; 3.38; 983; 1985-11-29; 1981-12-03T18:26:3
test3; 2.8; 69; 1974-03-04; 1988-09-11T00:17:1
test1; 1.95; 133; 1991-11-19; 2018-02-09T13:15:3
test3; 2; -332; 1986-11-08; 2009-12-17T20:47:5
test1; 1.9; 791; 1997-09-24; 1989-04-18T22:17:2
test1; 2.16; -500; 2006-12-11; 2000-10-14T05:51:2
test1; 1.74; 218; 1999-08-09; 2009-01-22T11:34:0
test2; 3.82; -937; 1988-08-27; 1996-07-06T22:02:4
test1; 1.64; -403; 2013-07-04; 2011-11-05T02:46:0
test2; 3.57; 566; 1974-04-26; 2013-11-24T18:17:4
test1; 1.73; 559; 1983-12-01; 1970-10-30T02:34:1
test2; 3.21; -217; 1986-01-06; 1987-03-29T05:57:3
test2; 2.02; 773; 1990-04-04; 1988-03-09T19:30:3
test3; 1.85; 102; 1999-12-28; 1970-09-21T00:30:3
test1; 3.36; 982; 1984-03-03; 2000-06-23T06:16:1
test3; 3.36; 526; 1999-07-21; 1984-10-31T14:20:1
test2; 3.73; 844; 1992-08-18; 2009-04-13T07:18:1
test3; 2.55; 401; 2019-03-17; 2016-07-09T23:18:5
test2; 3.88; 998; 1981-03-18; 2012-05-12T09:33:2
test1; 3.31; 186; 2013-08-10; 1979-10-01T23:00:0
test1; 3.31; 166; 1993-09-14; 1979-12-05T18:29:2
test1; 3.44; -517; 2014-10-07; 2010-12-09T13:49:3
test2; 2.53; -300; 2013-03-14; 2004-04-11T02:27:0
test3; 3.68; -202; 2018-05-27; 1976-05-31T12:25:5
test2; 3.65; -725; 2013-09-25; 1992-02-03T12:02:2
test1; 2.97; -549; 1993-02-14; 1996-09-01T22:23:0
test3; 2.98; -601; 2018-09-23; 1976-03-24T20:40:3
test3; 1.84; 472; 2011-03-07; 1985-08-11T03:28:1
test3; 3.63; 198; 1985-02-26; 1981-12-09T12:48:0
test2; 2.71; -756; 2016-09-19; 1985-07-27T13:36:4
test3; 2.8; -522; 2001-08-28; 1982-11-23T03:42:4
test2; 2.17; -874; 2014-02-23; 1970-09-01T23:54:2
test3; 1.9; -117; 1998-09-09; 1981-04-23T14:27:0
test1; 2.6; -653; 1973-04-16; 1981-07-16T20:48:3
test2; 2.47; -633; 1995-03-28; 1989-10-19T17:37:0
test2; 3.59; 120; 2014-08-06; 1998-05-29T12:21:3
test3; 3.2; -654; 2002-07-01; 1997-03-09T18:59:2
test3; 3.14; 880; 1992-05-29; 1992-04-20T10:50:5
test2; 1.95; 409; 2001-11-20; 1981-11-10T14:47:1
test2; 3.53; 821; 2007-05-28; 1994-09-16T03:32:4
test3; 2.05; -840; 2008-06-28; 1983-03-27T12:53:2
test1; 2.27; -277; 2001-08-16; 1999-08-09T00:14:5
test1; 3.73; 30; 2002-06-18; 2014-12-10T11:16:4
test1; 2.18; -810; 1979-03-24; 2021-02-02T14:41:1
test3; 1.79; 179; 1998-01-01; 2016-03-21T17:35:3
test2; 2.48; 693; 1972-01-09; 1998-10-15T23:51:5
test1; 2.3; 962; 2000-04-11; 1999-10-27T20:08:0
test3; 1.7; 888; 2010-01-07; 2022-02-24T18:03:1
test3; 1.75; 248; 2013-09-11; 2012-03-20T11:03:3
test3; 2.54; 678; 2008-02-16; 2013-01-13T08:21:3
test3; 2.35; 996; 1990-09-12; 1997-01-04T11:34:1
test2; 1.76; -961; 1993-10-04; 2006-07-24T01:12:2
test3; 3.6; -377; 2015-12-25; 1984-11-12T17:47:1
test1; 3.25; 178; 2010-09-27; 2001-10-10T21:43:1
test3; 3.63; -788; 1999-12-14; 2017-02-21T14:12:3
test3; 3.45; 312; 1970-09-19; 2007-04-15T11:19:2
test2; 2.63; -126; 1979-09-06; 1994-12-07T02:27:3
test3; 1.79; 505; 1980-01-05; 1973-02-09T03:30:4
test2; 3.56; -950; 2022-04-02; 1996-07-04T07:35:1
test3; 2.78; 398; 1989-07-22; 2002-12-06T03:34:3
test2; 3.82; -988; 1987-02-18; 2004-07-23T03:48:4
test3; 2.95; -818; 1996-02-27; 2007-11-10T01:38:0
test2; 3.68; -415; 2011-06-15; 2014-03-08T02:00:2
test3; 2.9; -49; 2022-06-30; 2000-07-17T07:52:0
test1; 1.9; 153; 2003-02-15; 1974-01-12T21:39:2
test3; 2.18; 656; 1978-11-19; 2005-02-14T23:43:0
test3; 2.23; -712; 1982-12-11; 2014-12-24T20:55:4
test3; 3.48; 719; 1974-01-21; 2014-02-15T16:42:3
test3; 2.35; -833; 2011-12-26; 1971-01-03T03:56:1
test1; 2.18; -133; 2004-12-17; 1978-11-14T21:40:0
test3; 3.43; 532; 1973-02-02; 1992-11-29T12:08:5
test3; 2.45; 386; 2022-06-24; 2015-03-25T21:31:2
test3; 2.01; 334; 1981-03-30; 2011-08-24T04:15:0
test3; 2.6; 654; 1998-10-28; 1975-03-17T07:47:1
test1; 1.89; 595; 1981-11-26; 2001-06-10T08:48:0
test2; 3.5; -524; 1970-07-26; 1983-12-27T23:49:3
test2; 1.71; 147; 1987-07-16; 2017-10-21T00:01:5
test2; 2.3; -429; 1979-03-01; 1983-03-02T07:23:2
test3; 3.68; 211; 2013-09-24; 1981-10-03T02:00:4
test3; 1.88; -135; 1974-08-20; 1994-11-17T17:32:2
test2; 2.72; -78; 1973-01-10; 1976-07-09T19:47:4
test1; 3.49; -88; 2005-05-20; 1981-12-21T23:16:4
test1; 1.6; 611; 2014-11-25; 2007-02-10T12:46:1
test3; 2.36; -330; 1999-02-11; 2003-06-13T01:22:3
test3; 3.52; -334; 2015-12-22; 2014-04-08T12:38:0
test2; 2.77; -683; 1970-09-02; 1985-08-23T15:05:4
test2; 1.62; -401; 2021-04-29; 2017-02-07T19:30:2
test2; 2.96; 696; 2017-10-01; 1978-04-25T14:07:1
test1; 3.62; 414; 1973-07-23; 1983-06-22T09:17:3
test2; 3.2; -136; 1986-08-11; 1989-10-07T23:47:5
test1; 2.89; 905; 1983-05-02; 1998-07-01T15:40:2
test3; 1.62; -221; 1982-09-18; 2007-11-18T01:57:4
test2; 1.69; -833; 2011-11-05; 1995-12-04T00:33:5
test3; 2.13; -937; 2006-01-25; 2020-08-16T17:20:5
test2; 1.83; -898; 2011-08-08; 2013-12-04T10:39:5
test3; 2.84; 289; 1994-08-05; 2002-08-10T04:46:2
test2; 2.69; 743; 1984-11-25; 1987-11-01T13:23:0
test3; 2.84; 898; 2006-08-11; 1991-06-22T13:53:1
test1; 2.66; -378; 2010-11-23; 1976-05-18T18:36:1
test3; 3.64; -431; 1977-02-04; 2008-07-02T07:22:0
test3; 2.41; -441; 1992-09-27; 1995-08-21T07:08:1
test2; 2.96; 491; 1991-08-21; 1990-04-29T22:37:5
test2; 1.65; 292; 2020-10-22; 2004-03-01T18:58:1
test1; 3.18; 577; 1983-01-30; 1976-01-27T00:48:2
test3; 2.84; 199; 2009-05-06; 1990-06-17T15:14:3
test1; 1.79; 814; 2006-01-17; 2010-05-20T02:44:0
test1; 2.6; -337; 1972-08-25; 2017-01-30T02:25:3
test1; 2.96; 699; 1988-02-21; 1977-04-01T04:15:4
test3; 1.96; -184; 1986-10-02; 1971-01-12T10:54:5
test3; 2.23; -554; 2022-02-11; 1996-11-10T14:24:4
test1; 2.86; -358; 2010-06-05; 1995-03-29T01:28:5
test2; 1.75; -496; 1997-08-22; 1974-12-22T21:01:1
test2; 3.65; 487; 2015-07-09; 1988-09-24T13:42:1
test3; 3.45; 81; 1977-06-22; 1973-02-05T00:12:5
test3; 2.6; 189; 2020-10-06; 2009-03-31T00:42:3
test1; 2.34; -753; 2012-08-16; 1972-12-19T13:10:5
test3; 2.18; -837; 2013-11-09; 2014-11-07T12:36:2
test3; 2.72; -400; 1995-05-18; 2005-08-09T07:38:3
test2; 3.77; -194; 1992-04-16; 1983-05-02T05:34:5
test3; 2.69; -666; 1985-10-13; 2009-03-05T18:07:0
test1; 3.43; 666; 2008-09-26; 2001-08-11T11:46:3
test1; 3.42; 188; 1991-06-11; 1981-07-20T15:50:5
test1; 3.07; -568; 2005-01-01; 2005-08-12T07:07:5
test2; 3.64; -221; 2007-07-24; 1985-08-06T01:04:0
test3; 2.28; 698; 2013-05-18; 2018-02-24T16:32:3
test3; 3.86; -741; 2015-11-26; 2002-03-01T22:34:3
test3; 2.86; 226; 1978-05-25; 1994-12-30T02:18:4
test2; 2.73; -508; 1995-07-22; 2009-03-27T05:04:3
test2; 2.16; 217; 2010-06-16; 1986-11-24T22:59:2
test1; 3.53; -332; 1974-12-02; 2002-09-14T04:58:5
test3; 3.16; -717; 2010-03-16; 1970-10-10T08:32:2
test3; 3.49; 357; 1990-11-16; 2016-11-02T23:33:2
test1; 3.05; 844; 2020-03-31; 2003-11-27T11:48:4
test1; 2.73; 842; 1994-02-04; 2011-01-19T22:13:2
test1; 3.52; -560; 1988-08-26; 2017-12-19T21:52:4
test2; 1.88; -722; 1987-09-17; 1987-01-08T16:57:3
test2; 3.52; -777; 1975-06-01; 1991-01-06T04:25:0
test3; 2.88; 303; 2018-02-06; 1998-03-26T10:18:0
test3; 2.75; 263; 2015-07-09; 1979-10-30T19:07:0
test3; 2.19; -410; 2003-08-30; 2000-06-10T06:46:3
test3; 2.67; 726; 1996-06-21; 2016-05-18T11:27:2
test2; 2.62; 850; 2004-09-26; 1990-02-20T21:11:2
test2; 1.6; -563; 1998-05-26; 1979-07-15T14:22:4
test1; 3.05; -118; 1990-02-23; 2009-09-21T13:40:2
test1; 3.84; -202; 2014-04-21; 2017-03-30T15:34:4
test1; 3.31; 832; 1986-02-01; 1984-08-05T15:28:3
test1; 2.3; 458; 2006-02-06; 2016-05-28T03:21:2
test2; 3.11; -140; 1998-03-04; 1986-10-19T06:36:4
test1; 3.07; 202; 2022-06-02; 1994-12-29T15:44:1
test1; 2.26; -903; 2017-12-30; 2011-06-06T05:28:3
test2; 2.59; -335; 1999-08-18; 1977-07-07T07:05:0
test3; 2.87; -934; 2002-12-20; 1992-12-20T21:57:3
test2; 1.91; 222; 1998-12-25; 1998-11-26T19:53:2
test3; 3.21; 284; 1992-11-23; 2008-01-03T08:23:3
test1; 1.87; 565; 2008-04-13; 2012-11-01T19:36:5
test1; 1.77; 165; 2019-10-15; 1999-11-08T07:24:5
test2; 1.89; 732; 1976-08-08; 1998-04-28T11:22:4
test3; 1.7; 582; 2022-07-20; 1974-04-18T06:25:4
test1; 2.89; 33; 1974-12-18; 2016-10-01T09:16:4
test2; 2.34; -587; 2021-01-12; 2015-09-26T01:12:4
test1; 2.13; 843; 1999-01-05; 1987-10-14T07:55:4
test1; 2.19; -933; 2013-05-25; 1987-07-09T23:33:1
test3; 2.78; -614; 1971-08-15; 1973-06-24T06:50:3
test3; 3.55; 232; 1987-09-03; 1993-10-02T18:48:2
test3; 2.36; 606; 1977-06-17; 1975-10-10T04:37:1
test1; 1.75; 29; 2018-11-02; 2018-03-21T16:15:0
test1; 3.78; -250; 1993-04-17; 2003-12-28T18:36:2
test3; 1.55; 24; 2019-01-02; 2007-09-10T22:18:2
test2; 1.67; 200; 1971-09-19; 1971-12-23T17:09:3
test1; 2.56; 419; 2004-09-03; 2003-04-15T07:56:2
test2; 2.52; 738; 2016-03-16; 2005-04-09T08:34:5
test3; 2.67; 114; 2014-02-15; 2005-09-07T23:41:1
test2; 3.32; -389; 2008-07-19; 1988-09-19T04:35:2
test3; 1.62; 969; 1989-06-14; 1970-06-23T01:03:4
test1; 3.83; -119; 2018-03-18; 1987-05-04T18:33:0
test3; 2.35; 907; 1970-05-11; 1978-02-22T08:02:1
test3; 3.7; 551; 2009-12-14; 1985-03-31T11:17:4
test2; 2.13; 284; 1988-07-11; 1971-08-13T06:03:2
test2; 2.89; -100; 1981-09-12; 1991-07-05T00:58:2
test3; 3.21; 880; 2019-05-05; 1981-05-06T14:59:2
test3; 3.21; -536; 1973-10-29; 1989-02-15T09:23:0
test2; 2.04; 213; 1974-05-22; 2014-05-18T02:42:1
test1; 3.16; 200; 1987-12-06; 1991-05-19T12:27:1
test3; 1.76; -695; 1996-07-27; 2009-11-01T06:21:2
test1; 3.08; -583; 1983-03-13; 2001-07-14T12:20:0
test2; 2.38; -184; 2005-12-26; 1971-02-10T23:07:0
test1; 1.79; 906; 1985-07-06; 1973-10-06T09:03:3
test2; 3.23; 175; 1974-07-16; 2019-02-04T21:48:3
test2; 2.22; -537; 2000-05-03; 1998-09-03T14:52:3
test2; 1.57; -102; 2020-10-14; 1987-05-25T23:48:2
test3; 2.7; -504; 1989-11-13; 1997-11-17T08:02:4
test1; 3.01; -420; 1990-02-26; 2018-12-15T22:14:3
test2; 2.4; -886; 2004-02-15; 2020-03-07T20:41:1
test1; 1.89; -39; 2009-03-16; 1982-10-05T01:44:3
test2; 3.64; -675; 1971-09-08; 1982-04-07T16:40:3
test3; 1.94; -976; 2010-03-05; 2018-04-05T15:54:2
test2; 3.59; -243; 1994-11-09; 1985-12-07T20:40:0
test1; 3.76; -589; 2013-10-01; 2009-09-02T06:36:1
test3; 1.92; 146; 2014-09-21; 1997-09-07T08:04:3
test3; 3.45; -527; 2019-09-24; 2015-12-27T12:46:0
test1; 3.52; 107; 1998-06-28; 2005-03-17T14:24:5
test3; 2.84; 710; 1991-06-03; 1992-11-08T06:14:2
test3; 3.4; 32; 2017-08-07; 2019-07-22T07:21:0
test1; 3.12; -459; 1994-11-23; 1986-08-03T17:00:2
test2; 1.69; 743; 2017-09-18; 1989-02-03T11:23:3
test2; 2.86; 112; 2020-08-24; 1989-09-22T06:50:0
test3; 1.63; 563; 1991-02-17; 1983-05-12T03:53:3
test1; 3.52; -148; 2019-03-19; 1978-05-08T06:30:1
test2; 1.65; -740; 2017-12-06; 1994-12-12T20:24:4
test2; 1.83; -533; 2016-02-07; 2016-02-22T02:01:5
test3; 3.45; -638; 2001-01-20; 1977-08-19T20:03:3
test2; 3.2; -592; 2001-08-22; 2008-07-29T10:05:2
test3; 3.25; -962; 2021-10-16; 1974-03-13T00:27:2
test3; 1.84; 311; 1988-04-21; 2018-12-18T13:37:0
test3; 1.82; 143; 2001-06-04; 2018-04-26T12:24:4
test3; 2.71; 289; 1976-02-07; 2009-09-30T05:52:0
test2; 1.78; -357; 1994-09-18; 1977-07-08T00:52:2
test3; 1.65; 172; 2007-03-20; 2010-03-18T00:29:1
test3; 2.33; -790; 2021-12-31; 1980-03-31T14:53:4
test3; 2.74; -929; 2018-06-27; 1994-08-22T10:48:1
test2; 2.91; -993; 1984-01-30; 1989-11-25T14:11:2
test3; 1.61; 604; 2007-06-08; 2005-11-14T13:16:0
test1; 2.97; 477; 2017-08-15; 1988-05-14T08:36:4
test2; 3.86; -86; 2008-02-15; 2014-09-08T00:31:4
test2; 3.12; -318; 2007-08-11; 1970-07-29T21:28:5
test1; 2.28; -965; 1986-02-10; 1982-05-25T08:03:3
test1; 3.24; 687; 2003-01-27; 2009-11-02T07:24:4
test1; 3.45; -643; 1976-12-11; 1973-10-04T05:30:1
test3; 1.58; 802; 1983-05-14; 2000-02-02T01:12:0
test1; 2.35; -91; 1996-04-07; 1980-03-21T10:05:2
test1; 3.05; 337; 1994-12-29; 2007-01-01T09:58:5
test3; 2.55; -897; 1988-04-30; 1972-02-14T00:45:1
test1; 3.03; -651; 1994-06-04; 1998-01-10T15:21:2
test3; 1.84; -234; 2012-10-24; 1998-09-21T01:35:2
test2; 1.7; 597; 2020-04-22; 1996-08-02T23:51:3
test2; 1.75; -737; 2022-01-13; 2004-05-24T10:05:0
test3; 3.54; -978; 2011-01-03; 2017-05-11T23:11:1
test1; 3.83; 867; 2021-07-25; 2014-05-30T12:39:2
test3; 2.37; 597; 2008-08-14; 1973-06-08T09:17:5
test3; 2.85; 134; 1978-07-17; 1991-03-01T14:14:5
test1; 1.86; -75; 1996-04-30; 2022-01-31T19:15:3
test1; 2.44; 125; 1983-10-18; 2014-11-08T17:15:3
test1; 3.02; -422; 1988-12-26; 1972-08-01T04:31:3
test1; 2.78; 454; 1994-12-16; 1997-01-03T03:34:3
test3; 2.71; 892; 1995-01-15; 1971-10-08T10:08:0
test1; 1.95; -926; 2018-09-06; 1990-03-18T14:10:2
test2; 2.12; -517; 1974-02-08; 2017-07-19T20:14:1
test2; 2.28; 205; 1971-04-01; 1996-10-07T18:49:4
test3; 3.65; -418; 1991-08-07; 2018-01-27T13:01:1
test1; 3.39; -974; 2002-07-02; 2009-06-05T10:32:5
test2; 2.88; 120; 2014-07-13; 2022-07-24T01:36:4
test3; 1.71; 82; 1986-12-29; 2001-08-18T06:02:4
test3; 2.93; -501; 1970-08-10; 2012-02-19T16:00:5
test2; 3.65; -766; 1987-09-20; 1989-01-07T17:23:5
test1; 3.52; -920; 1971-02-05; 1986-06-11T12:14:0
test1; 2.63; 968; 2010-01-25; 1972-07-04T21:37:2
test1; 2.71; -948; 2007-01-27; 1974-12-06T02:03:1
test1; 2.58; 497; 1973-11-13; 2021-03-22T19:24:1
test1; 2.12; -82; 2018-11-08; 1989-05-11T21:40:4
test1; 2.98; -605; 1988-12-16; 2004-05-02T09:29:2
test3; 3.82; -826; 2001-06-05; 2004-11-08T17:20:4
test1; 1.88; 113; 2005-07-29; 2021-05-28T13:01:1
test2; 2.96; 701; 1996-02-13; 2008-07-08T22:58:3
test2; 3.79; -281; 2019-06-06; 2006-12-18T01:43:1
test2; 1.97; 157; 1991-08-23; 1997-04-18T12:20:2
test2; 3.05; -749; 2017-05-17; 2004-08-04T10:05:5
test2; 2.23; -499; 1978-07-09; 2011-02-04T13:04:4
test3; 2.43; 782; 1985-03-05; 1986-06-05T22:12:1
test2; 3.35; -610; 2009-07-04; 2020-09-30T04:24:4
test3; 3.19; -48; 2005-10-25; 1993-02-20T13:40:2
test1; 1.93; -159; 1978-06-24; 1976-08-14T14:29:3
test2; 2.61; -864; 1979-09-29; 1978-10-29T07:19:4
test3; 2.24; -729; 2007-06-11; 1996-10-24T07:39:0
test3; 2.32; -880; 1981-11-13; 2014-05-26T23:17:3
test2; 3.63; -595; 2019-05-24; 1990-02-28T04:27:3
test2; 2.49; 85; 1998-03-30; 1987-06-11T18:07:4
test2; 2.17; -440; 2007-05-21; 1983-02-23T00:58:2
test2; 2.74; 508; 2018-04-29; 1994-02-01T18:44:3
test2; 1.97; 838; 1973-06-06; 1975-08-03T01:25:2
test2; 1.89; 173; 1982-04-12; 1974-03-10T00:21:4
test3; 2.05; 370; 2007-08-23; 2014-10-17T14:20:2
test1; 3.79; 565; 2002-03-24; 2007-09-08T04:18:2
test2; 2.99; 11; 2017-08-04; 1977-11-22T04:20:2
test1; 2.9; -793; 1979-12-05; 2005-06-14T05:48:0
test3; 2.96; 160; 2009-02-10; 1980-11-16T02:37:3
test1; 3.42; 419; 1991-11-02; 1988-11-10T07:01:1
test3; 3.18; -628; 1994-01-20; 1971-10-08T11:33:1
test2; 1.57; -938; 1994-05-01; 2014-09-12T20:08:3
test1; 3.79; 58; 1973-01-04; 2000-03-23T05:20:2
test3; 3.57; -184; 1990-03-05; 1977-01-24T16:14:5
test1; 3.68; -843; 1974-06-03; 2016-03-20T07:22:1
test2; 3.53; -650; 1987-03-23; 2002-05-28T22:00:0
test3; 3.7; 1; 1989-04-07; 1970-06-09T09:48:1
test1; 2.46; -711; 2018-07-15; 1971-02-01T09:28:4
test2; 2.99; 175; 1990-07-14; 2008-04-12T13:06:5
test1; 2.57; -416; 1974-07-23; 1977-06-15T07:10:2
test3; 3.69; -814; 2005-11-13; 2015-06-01T12:45:0
test3; 3.23; -718; 1999-10-03; 2020-03-24T05:23:3
test3; 3.06; 294; 1994-07-13; 2006-05-17T21:45:0
test3; 2.8; -936; 1993-10-24; 2001-09-30T04:49:4
test1; 3.07; -321; 2002-01-03; 2017-09-12T12:41:5
test2; 3.33; -703; 1983-04-02; 1974-02-24T22:42:0
test1; 3.65; -830; 2002-05-26; 1985-07-31T06:54:0
test2; 2.36; -772; 2015-07-26; 1971-06-30T01:34:2
test3; 2.53; 492; 2010-12-24; 2020-09-20T08:26:2
test3; 1.98; -816; 1975-03-13; 1988-05-05T19:40:3
test3; 3.3; -708; 1980-09-12; 2009-01-05T06:37:3
test3; 1.75; 489; 1990-02-19; 1996-06-20T09:47:0
test1; 3.67; 172; 1981-12-22; 1995-05-15T17:17:1
test3; 3.84; -656; 1994-10-08; 1983-10-16T10:32:3
test3; 2.11; 225; 1980-05-10; 1984-08-30T06:33:5
test1; 3.52; -871; 1985-09-03; 2014-09-18T18:37:4
test3; 3.15; 760; 1970-05-10; 1991-09-06T17:35:3
test3; 2.65; -315; 1988-05-28; 1986-08-24T05:55:5
test3; 3.74; -162; 1996-04-10; 2008-09-24T06:29:2
test1; 1.88; -637; 1971-06-26; 2001-05-30T20:37:0
test1; 2.16; 48; 2021-08-27; 2014-06-10T14:51:4
test3; 2.92; -195; 2003-12-31; 2009-02-15T16:53:1
test3; 2.99; -66; 1984-03-06; 1989-10-19T19:26:5
test1; 3.34; 621; 1994-02-19; 2017-05-01T09:10:5
test2; 3.69; 881; 2018-06-14; 2008-04-24T00:03:1
test2; 3.19; 758; 1999-04-22; 2009-04-07T04:23:0
test1; 2.83; -92; 2005-11-18; 1971-08-24T14:04:4
test3; 3.75; 841; 2005-07-28; 1977-01-12T12:47:3
test3; 3.54; 438; 2005-03-20; 1990-05-19T20:37:2
test3; 2.89; 513; 2005-07-10; 1982-05-29T14:55:0
test2; 1.9; 358; 1984-10-06; 1978-11-25T02:27:4
test3; 1.98; 242; 1982-06-29; 2007-07-24T14:44:3
test1; 3.22; 544; 1970-07-20; 2012-11-06T07:21:1
test1; 3.45; -490; 2014-02-15; 2018-12-19T15:15:5
test2; 2.38; -601; 2013-10-18; 1971-10-30T17:54:4
test3; 3.4; 673; 2016-03-27; 1998-12-04T06:43:5
test3; 3.8; 720; 1981-12-14; 2005-09-18T18:58:3
test3; 2.49; 976; 2003-03-03; 1986-07-07T15:18:1
test1; 1.86; -70; 1993-10-10; 1979-09-26T15:18:0
test3; 1.79; 474; 1980-05-21; 1985-11-30T23:58:5
test2; 3.82; -16; 2012-11-17; 1978-05-30T11:27:5
test3; 2.05; 360; 2017-05-06; 2018-10-10T05:44:3
test2; 1.93; -919; 1989-08-21; 1989-06-14T17:26:1
test2; 2.42; -641; 2003-05-05; 2002-10-17T13:11:4
test3; 2.7; 206; 2005-08-23; 1987-02-06T12:12:4
test3; 2.64; -52; 1976-06-10; 2009-09-25T03:16:4
test1; 2.63; 693; 1997-07-20; 1993-12-17T16:02:5
test1; 3.79; -946; 1979-06-11; 1993-12-18T15:52:2
test2; 1.61; 230; 2011-05-31; 2002-07-13T21:21:2
test1; 3.64; -203; 2017-09-21; 1981-10-06T01:44:5
test2; 1.94; 511; 1972-04-05; 1982-01-23T18:52:4
test2; 3.73; -586; 2015-02-16; 2000-02-13T23:18:1
test2; 3.42; 286; 1973-12-20; 2019-10-02T12:46:0
test2; 2.27; 366; 1987-09-26; 1975-08-31T18:23:2
test1; 2.1; 189; 1977-02-28; 2016-08-02T17:42:1
test3; 2.1; 832; 1994-11-15; 2011-10-12T02:15:0
test1; 2.34; 630; 2021-03-07; 2021-11-08T20:41:3
test2; 2.99; 851; 1993-05-28; 2007-06-21T00:00:0
test1; 2.02; 144; 2018-09-27; 1993-10-08T22:23:3
test1; 1.59; 129; 2015-10-07; 1972-10-01T16:04:5
test3; 3.67; 427; 1975-02-18; 2010-01-02T14:43:2
test3; 2.75; 861; 2010-01-24; 1988-12-18T20:48:3
test1; 2.21; -641; 1977-08-20; 1982-12-11T10:01:5
test1; 3.47; -377; 2011-03-15; 1973-02-12T04:40:2
test1; 2.57; -140; 1983-08-13; 1974-12-25T06:42:5
test2; 2.25; 587; 1988-08-23; 1971-02-04T13:05:5
test1; 3.52; -273; 2020-12-30; 1983-01-28T06:22:0
test2; 2.73; -721; 1971-03-12; 2007-09-07T00:21:0
test3; 3.44; -371; 1971-08-06; 1991-01-01T18:13:5
test1; 2.62; 24; 1971-01-27; 2016-03-11T09:02:0
test2; 3.03; 952; 1994-05-23; 1997-11-17T03:59:0
test1; 2.56; -423; 1990-10-13; 1986-03-26T23:37:3
test1; 3.79; -510; 1982-02-05; 1979-05-28T22:11:4
test2; 3.72; 93; 2007-07-17; 2013-03-04T10:35:3
test2; 2.92; -624; 2007-03-04; 2000-11-19T09:07:1
test3; 3.28; -374; 1980-06-26; 1990-08-24T16:18:2
test1; 2.48; -766; 1980-02-21; 1981-07-15T22:40:2
test2; 2.44; 975; 1971-09-02; 1999-01-26T01:21:2
test1; 3.71; -54; 2022-05-07; 2020-04-19T06:05:4
test3; 2.24; -27; 2017-09-18; 1992-11-28T09:07:0
test2; 1.95; -663; 2017-08-20; 1977-04-09T01:54:2
test1; 2.7; 298; 2011-05-27; 2015-04-05T04:46:1
test1; 2.14; -96; 1985-12-10; 1976-06-24T17:52:4
test2; 1.57; -474; 1997-04-14; 1972-03-16T10:36:2
test1; 1.94; 982; 1971-12-07; 2001-02-18T06:49:0
test2; 3.43; -973; 1984-11-16; 1989-07-13T03:40:3
test3; 1.67; 248; 2007-06-15; 1992-05-23T15:03:4
test2; 3.37; -349; 2017-05-13; 1990-12-07T14:55:0
test3; 2.41; 741; 1978-03-12; 2022-02-19T06:10:1
test2; 3.18; 994; 2003-12-22; 2008-01-30T19:10:2
test3; 3.27; -304; 1985-07-20; 1975-09-07T17:22:1
test1; 1.61; -101; 1989-02-27; 1982-09-12T09:36:4
test3; 2.85; 161; 1996-08-14; 1976-09-19T03:37:2
test1; 2.85; 264; 2015-07-17; 1986-10-18T12:51:5
test2; 2.39; -1; 2020-07-26; 2017-08-07T12:55:5
test2; 2.2; 282; 1975-07-09; 1973-06-18T13:26:0
test3; 2.61; 936; 1986-12-28; 1986-12-24T00:01:3
test3; 2.54; -232; 2013-12-06; 2003-09-10T11:25:3
test2; 3.11; -627; 1970-01-15; 1973-11-24T21:24:2
test3; 3.68; -267; 1975-09-16; 2005-10-01T18:15:2
test1; 2.12; 512; 2011-09-03; 1975-11-20T00:11:1
test3; 1.95; -558; 1983-01-21; 1999-05-12T01:30:0
test2; 3.44; 507; 2022-06-13; 2011-01-23T04:51:1
test2; 2.07; 940; 2008-02-20; 2006-04-16T18:16:5
test1; 3.41; -314; 2002-07-02; 1978-03-10T18:42:2
test1; 1.69; -128; 2003-09-07; 1997-10-02T00:22:0
test3; 1.81; -766; 2000-12-01; 1996-07-07T17:01:4
test2; 3.78; -816; 1983-06-04; 2019-10-28T06:03:4
test2; 1.97; 53; 1995-01-28; 1994-09-04T13:15:1
test2; 2.61; -279; 1977-05-28; 2003-07-21T10:57:0
test2; 2.05; 758; 1970-10-29; 1981-03-16T03:22:4
test1; 3.06; 650; 2017-01-25; 2012-04-27T06:36:0
test1; 3.86; 31; 2001-02-05; 1995-10-08T04:22:0
test1; 1.57; 606; 1979-10-02; 1975-11-24T17:46:2
test2; 2.09; -291; 2019-05-19; 2002-08-19T11:38:2
test3; 1.6; 880; 1998-10-01; 2008-03-21T09:51:3
test3; 1.63; -156; 1987-01-01; 1982-01-26T13:22:0
test2; 2.54; -194; 1996-03-31; 1973-06-08T18:20:0
test2; 3.63; 91; 2020-04-03; 2017-08-30T18:15:1
test2; 2.69; 65; 2011-06-12; 1974-07-16T02:39:3
test2; 3.11; -680; 2004-03-06; 1971-11-07T20:56:2
test3; 1.82; 50; 2012-01-18; 1992-11-06T20:39:0
test3; 3.27; 543; 1992-03-05; 2000-08-24T14:09:2
test1; 3.65; 272; 2013-01-30; 2021-10-10T18:49:5
test1; 3.52; 817; 2017-06-28; 1976-03-13T09:08:3
test1; 2.52; -750; 2012-04-15; 1992-02-03T15:06:3
test1; 2.4; 55; 2017-02-20; 2016-08-08T18:08:1
test2; 3.48; 489; 1973-09-12; 1990-07-06T19:15:2
test3; 1.77; -276; 1977-10-20; 2004-10-28T04:21:4
test2; 3.38; 756; 1987-04-16; 1996-12-06T20:42:5
test2; 2.49; 895; 2021-03-07; 2009-04-28T19:22:0
test3; 1.66; 735; 2009-09-20; 2020-06-02T22:35:3
test1; 1.55; 777; 2003-09-25; 1989-10-07T12:20:1
test1; 2.89; 540; 1997-01-03; 1985-04-20T13:33:3
test3; 1.68; 502; 1989-11-22; 1999-11-21T08:25:1
test2; 2.89; 964; 1972-07-02; 2004-03-22T22:49:2
test1; 3.3; -737; 2010-07-03; 1988-10-23T08:30:3
test3; 3.45; -14; 1976-08-04; 2011-10-07T09:18:5
test3; 1.92; -485; 1975-01-13; 2007-11-21T05:26:0
test2; 2.26; -975; 1979-07-03; 1997-06-02T21:29:0
test1; 2.78; 125; 1996-11-04; 2001-07-21T07:10:2
test1; 2.94; -615; 1984-06-03; 2018-05-10T01:02:1
test2; 2.63; 224; 1996-03-13; 1992-11-05T15:51:5
test1; 3.65; -100; 1979-03-04; 1980-10-03T03:21:5
test2; 2.25; 185; 1984-06-18; 2000-04-18T04:27:5
test1; 2.16; 711; 1996-01-12; 1974-12-22T05:48:5
test2; 3.11; 800; 1993-04-20; 1982-05-15T16:28:1
test2; 1.65; -778; 1992-03-23; 2019-02-08T18:45:3
test2; 1.76; -17; 1996-11-25; 1988-07-08T02:19:2
test1; 1.78; 83; 1998-01-25; 1971-12-04T09:28:3
test1; 2.45; -850; 1992-11-10; 1997-09-23T13:04:5
test1; 3.65; 2; 1987-08-24; 1997-03-19T03:03:1
test1; 1.8; 845; 2019-06-21; 1987-03-27T19:39:4
test2; 1.73; 915; 1990-11-17; 2021-01-23T04:25:1
test1; 2.37; -90; 2004-03-04; 1991-06-07T06:26:1
test3; 2.17; 519; 1988-06-25; 1984-09-13T12:05:4
test3; 1.71; -831; 2006-04-17; 2014-07-06T17:23:5
test1; 3.71; 442; 2020-08-11; 1999-11-20T23:52:2
test1; 2.87; -624; 1971-03-05; 1983-12-29T13:38:4
test1; 2.35; -241; 2003-08-05; 1976-12-03T16:11:3
test3; 2.18; 290; 1982-12-11; 2011-02-27T09:07:4
test2; 1.6; 310; 1981-02-20; 1992-11-01T14:45:4
test3; 1.62; -520; 1973-03-16; 2002-03-02T08:30:2
test1; 1.75; 321; 1994-11-05; 1974-11-16T12:21:1
test2; 2.92; -638; 1996-10-30; 2014-04-07T21:46:0
test2; 1.66; 202; 2005-11-15; 2001-10-26T19:52:0
test2; 3.72; -604; 2015-03-13; 2004-07-18T08:51:1
test3; 2.65; -920; 2020-09-01; 1998-06-09T12:12:3
test2; 1.83; 95; 2005-11-29; 1989-02-03T10:45:4
test3; 2.1; -116; 2015-04-02; 2022-02-08T01:12:1
test3; 2.99; 390; 1998-11-08; 1992-11-30T01:28:1
test2; 3.54; -608; 2003-06-18; 1986-03-04T21:04:5
test3; 3.67; -302; 1974-09-28; 2002-07-06T14:37:3
test1; 2.7; 879; 1992-03-31; 2008-09-14T11:30:0
test1; 2.37; -905; 1972-11-26; 1973-09-01T06:43:5
test3; 1.56; -954; 1987-05-20; 2005-04-22T12:38:1
test2; 3.57; -631; 2009-12-07; 2007-06-23T12:45:2
test3; 2.63; 699; 1996-03-19; 2018-01-19T10:42:4
test3; 2.67; 928; 2009-02-15; 2016-10-15T00:01:0
test3; 2.24; 817; 1985-06-08; 1986-11-09T14:22:2
test1; 2.78; 19; 1971-06-11; 1986-04-23T02:56:0
test2; 3.6; -171; 1981-03-20; 1995-11-01T05:45:0
test1; 2.58; 180; 2015-04-30; 2007-12-28T15:11:3
test1; 3.56; 904; 1974-06-14; 1984-04-29T08:41:2
test2; 2.45; 597; 2002-03-20; 1982-10-22T13:55:5
test3; 2.9; 940; 1988-10-03; 1982-03-09T14:52:4
test1; 1.64; -968; 1972-06-01; 1972-12-11T04:19:3
test2; 1.71; 749; 1972-07-14; 1980-03-05T02:48:0
test2; 3.84; -5; 2009-03-20; 1990-04-28T20:21:0
test1; 2.74; 459; 1991-06-22; 2003-02-11T13:20:2
test1; 1.65; -985; 2011-05-29; 1973-03-13T22:54:4
test2; 2.82; 789; 2003-07-20; 1985-11-26T15:05:0
test1; 3.25; -294; 2011-07-01; 1992-09-01T20:18:5
test3; 3.18; -504; 1971-04-27; 2011-09-27T07:29:3
test3; 1.89; -521; 1975-02-20; 1987-11-03T21:05:5
test3; 2.37; -934; 2013-05-07; 2002-03-01T04:38:0
test3; 3.29; 46; 1972-07-29; 1985-11-02T22:53:0
test3; 3.71; 622; 2020-12-14; 1976-05-05T08:52:2
test1; 2.93; 443; 1982-08-16; 1989-08-27T15:54:4
test1; 3.41; 975; 2005-10-05; 2006-08-27T00:13:5
test3; 3.77; -59; 1996-04-19; 2010-05-21T05:57:4
test2; 3.87; 571; 1978-11-29; 1986-06-13T14:34:3
test3; 3.45; -39; 2005-05-12; 1992-09-06T21:49:5
test3; 3.71; 802; 1979-11-04; 2002-08-28T06:21:1
test1; 2.6; 983; 2004-07-10; 1996-10-16T16:25:3
test3; 2.73; -416; 1980-10-26; 1976-02-29T10:31:5
test2; 2.64; -888; 2008-06-27; 1989-12-31T04:08:1
test1; 1.92; 237; 2004-06-14; 2002-02-06T20:05:2
test3; 3.5; 750; 1974-12-31; 2005-10-28T03:48:3
test2; 3.35; 888; 2012-03-19; 2003-04-28T17:30:4
test3; 2.45; 313; 2013-03-27; 1974-06-28T10:07:4
test2; 3.18; -11; 1995-02-09; 1970-04-17T11:47:3
test1; 2.9; -371; 1996-09-03; 2017-04-01T11:29:2
test1; 2.36; 278; 2008-03-08; 2020-07-08T20:21:0
test3; 3.45; -151; 1992-08-21; 1977-02-20T10:44:1
test3; 3.09; 112; 1997-06-10; 1997-08-23T06:06:3
test2; 2.45; -607; 1973-07-28; 1982-02-27T03:40:3
test3; 1.97; 689; 1974-12-28; 1980-08-29T07:53:3
test2; 3.27; -713; 1987-09-16; 2018-03-25T10:55:4
test1; 2.88; -932; 1975-11-01; 1998-11-10T08:08:1
test2; 2.25; 89; 1986-10-18; 1982-11-20T18:31:5
test3; 2.53; -40; 2012-03-06; 1992-11-03T20:25:5
test3; 3.27; 260; 2006-01-07; 1976-07-14T11:13:4
test1; 2.78; 624; 2020-07-01; 2019-01-11T00:56:2
test2; 2.38; 422; 1996-03-25; 2018-09-27T22:35:2
test2; 1.63; -714; 2017-05-20; 2006-12-23T16:14:4
test2; 2.31; 668; 1972-05-31; 2020-06-19T04:36:5
test2; 2.49; 652; 1995-05-06; 1970-08-28T00:17:3
test2; 2.72; -781; 1992-10-28; 1989-04-20T06:12:0
test2; 1.75; -162; 2004-07-10; 1998-10-10T18:37:2
test2; 2.66; 762; 2012-03-22; 2002-05-16T14:43:4
test3; 3.82; -610; 2012-03-07; 2000-01-11T18:51:0
test3; 2.14; -985; 2001-12-10; 1974-04-10T17:54:3
test1; 2.33; 419; 1975-01-18; 2014-01-12T22:08:3
test2; 2.61; -406; 2005-08-30; 1995-08-08T16:40:5
test3; 2.88; 954; 1976-04-21; 2009-07-27T11:16:3
test1; 3.23; 829; 1980-07-26; 1997-11-20T09:10:1
test2; 3.2; 930; 1985-03-09; 2009-09-05T20:12:0
test1; 3.83; 633; 2004-06-22; 1986-03-02T10:55:0
